<?xml version = "1.0" encoding = "utf-8"?>
<!DOCTYPE hibernate-configuration SYSTEM
        "http://www.hibernate.org/dtd/hibernate-configuration-3.0.dtd">


<hibernate-configuration>
    <session-factory>

        <property name = "hibernate.dialect">
            org.hibernate.dialect.MySQLDialect
        </property>

        <property name = "hibernate.connection.driver_class">
            com.mysql.cj.jdbc.Driver
        </property>

        <!-- Assume test is the database name -->

        <property name = "hibernate.connection.url">
            jdbc:mysql://localhost:3306/mapping
        </property>

        <property name = "hbm2ddl.auto">
            create
        </property>

        <property name = "hibernate.connection.username">
            root
        </property>

        <property name = "hibernate.connection.password">
            nankkrrii@2003

        </property>

        <property name="show_sql">true</property>
        
        <!--  <mapping class="dao.Address"></mapping>
             <mapping class="dao.Student"></mapping>    "ONE TO ONE MAPPING EXAMPLE -1 -->

            <mapping class="dao.Address"></mapping>
                <mapping class="dao.Employee"></mapping> 


    </session-factory>
</hibernate-configuration>